unitcode,Year,Month,temp_mean,temp_max,temp_min,rain,snow,cloud_cover
KOVA,2011,1,-5.45,26.5,-48.56,0.0,6.17,64.05
KOVA,2011,2,-4.41,31.63,-34.79,0.01,23.01,76.78
KOVA,2011,3,1.62,29.74,-15.89,0.0,4.3,37.69
KOVA,2011,4,14.33,42.52,-16.97,0.1,4.16,49.3
KOVA,2011,5,38.68,75.37,13.63,0.7,2.45,51.45
KOVA,2011,6,55.18,74.83,36.4,2.17,0.0,65.68
KOVA,2011,7,55.45,76.0,42.25,2.3,0.0,79.12
KOVA,2011,8,50.23,64.84,38.74,3.28,0.0,70.1
KOVA,2011,9,41.03,59.62,27.31,1.86,0.55,68.81
KOVA,2011,10,23.05,36.94,-11.57,0.01,14.69,75.06
KOVA,2011,11,-11.58,17.77,-30.56,0.0,2.76,55.41
KOVA,2011,12,-6.94,28.12,-49.73,0.0,21.55,72.64
KOVA,2012,1,-36.18,0.22,-63.41,0.0,2.45,62.51
KOVA,2012,2,-5.89,23.8,-63.95,0.0,4.19,73.79
KOVA,2012,3,-13.09,14.71,-35.06,0.0,2.48,43.02
KOVA,2012,4,21.61,42.43,-13.37,0.0,2.31,59.41
KOVA,2012,5,35.82,65.92,2.92,0.87,0.74,67.67
KOVA,2012,6,57.83,76.27,35.23,0.56,0.0,54.45
KOVA,2012,7,56.52,74.92,39.64,3.61,0.0,76.17
KOVA,2012,8,49.88,67.27,34.51,8.73,0.0,90.05
KOVA,2012,9,38.31,53.86,25.6,3.97,1.54,71.59
KOVA,2012,10,25.85,41.53,12.55,1.78,2.48,55.06
KOVA,2012,11,-4.05,17.32,-19.49,0.0,0.41,23.86
KOVA,2012,12,-17.01,21.91,-41.9,0.0,4.11,51.09
KOVA,2013,1,-4.38,28.57,-28.85,0.0,14.0,61.47
KOVA,2013,2,-12.81,13.27,-35.51,0.0,5.04,71.92
KOVA,2013,3,0.23,26.59,-24.89,0.0,4.27,59.74
KOVA,2013,4,10.58,35.23,-22.37,0.0,3.2,35.81
KOVA,2013,5,29.12,62.68,-1.67,0.43,4.69,59.97
KOVA,2013,6,58.25,85.27,34.33,1.3,0.0,60.84
KOVA,2013,7,57.15,77.08,42.79,2.13,0.0,77.5
KOVA,2013,8,51.3,71.59,26.59,2.98,0.22,67.91
KOVA,2013,9,36.93,56.65,23.89,2.79,1.82,71.22
KOVA,2013,10,31.81,44.32,13.18,3.78,13.17,80.1
KOVA,2013,11,0.76,37.21,-26.42,0.67,19.13,67.04
KOVA,2013,12,-3.45,36.76,-34.25,0.65,6.81,62.12
KOVA,2014,1,4.92,32.89,-35.06,0.03,13.75,72.89
KOVA,2014,2,-3.31,26.86,-31.91,0.0,3.5,42.75
KOVA,2014,3,7.24,29.65,-20.75,0.0,2.45,37.17
KOVA,2014,4,22.18,44.05,-9.32,0.21,2.18,43.47
KOVA,2014,5,39.39,58.27,18.49,1.98,0.94,72.81
KOVA,2014,6,51.54,70.6,37.03,2.28,0.0,81.0
KOVA,2014,7,54.08,81.13,35.59,4.83,0.0,74.49
KOVA,2014,8,54.71,70.96,31.36,2.27,0.0,59.25
KOVA,2014,9,40.96,61.96,22.81,3.08,0.85,62.14
KOVA,2014,10,21.99,41.53,-4.46,0.15,10.91,57.08
KOVA,2014,11,4.64,34.69,-19.4,0.02,3.09,48.8
KOVA,2014,12,-3.21,32.08,-26.69,0.0,12.07,72.32
KOVA,2015,1,-9.43,26.77,-46.76,0.0,5.29,60.04
KOVA,2015,2,4.82,33.43,-26.33,0.03,18.08,63.83
KOVA,2015,3,-0.74,26.86,-40.73,0.0,9.29,64.57
KOVA,2015,4,21.62,42.88,-2.57,0.27,6.17,67.5
KOVA,2015,5,45.02,66.64,22.45,1.25,0.0,64.11
KOVA,2015,6,54.27,78.7,32.8,1.33,0.0,48.59
KOVA,2015,7,60.72,83.38,45.67,1.4,0.0,57.39
KOVA,2015,8,49.27,67.36,31.27,4.61,0.0,78.53
KOVA,2015,9,35.98,59.53,22.36,0.66,8.96,59.1
KOVA,2015,10,26.0,41.26,2.74,1.06,6.28,77.65
KOVA,2015,11,6.76,33.34,-36.68,0.02,27.48,80.31
KOVA,2015,12,-12.15,32.89,-42.62,0.0,4.8,69.18
KOVA,2016,1,2.01,32.89,-32.0,0.02,7.0,56.18
KOVA,2016,2,4.05,23.71,-16.61,0.0,3.44,58.93
KOVA,2016,3,2.45,25.42,-15.08,0.0,2.31,42.54
KOVA,2016,4,26.41,45.85,4.54,0.11,6.34,47.41
KOVA,2016,5,44.49,70.33,23.53,2.57,0.0,57.53
KOVA,2016,6,55.23,77.8,33.07,1.35,0.0,59.23
KOVA,2016,7,61.33,82.12,42.25,1.2,0.0,61.43
KOVA,2016,8,54.51,68.08,38.29,4.22,0.0,74.27
KOVA,2016,9,40.05,62.32,23.17,3.29,4.44,66.72
KOVA,2016,10,29.12,48.64,13.63,0.09,3.61,61.06
KOVA,2016,11,-1.19,22.72,-31.55,0.0,2.31,52.15
KOVA,2016,12,-4.74,31.91,-30.11,0.0,14.0,59.68
KOVA,2017,1,-5.38,36.05,-46.03,0.13,8.96,63.99
KOVA,2017,2,-4.2,31.73,-32.62,0.0,12.13,50.29
KOVA,2017,3,-6.21,15.98,-31.72,0.0,0.0,30.33
KOVA,2017,4,26.71,42.62,-1.3,0.0,1.21,38.84
KOVA,2017,5,40.28,57.74,21.38,0.88,0.63,50.62
KOVA,2017,6,55.21,71.51,36.95,1.13,0.0,68.21
KOVA,2017,7,61.68,80.06,46.67,1.56,0.0,70.44
KOVA,2017,8,47.81,68.45,32.0,3.13,0.11,78.08
KOVA,2017,9,40.99,55.85,25.52,3.27,0.19,70.51
KOVA,2017,10,27.43,43.34,-1.75,0.74,17.91,81.86
KOVA,2017,11,11.36,32.81,-11.02,0.0,18.55,63.78
KOVA,2017,12,13.97,34.7,-7.96,0.01,16.76,81.74
WICA,2011,1,19.92,55.14,-17.04,0.12,5.62,58.01
WICA,2011,2,21.39,63.51,-15.15,0.06,8.05,52.17
WICA,2011,3,32.67,68.64,-0.03,0.53,7.11,69.6
WICA,2011,4,44.41,76.11,16.71,1.13,6.48,67.75
WICA,2011,5,51.89,79.8,29.49,6.36,0.0,66.67
WICA,2011,6,65.63,99.51,42.27,1.65,0.0,38.82
WICA,2011,7,76.35,100.23,58.2,2.44,0.0,34.58
WICA,2011,8,74.19,97.53,54.42,3.17,0.0,29.88
WICA,2011,9,62.07,86.55,38.58,1.1,0.0,26.87
WICA,2011,10,51.56,89.34,26.61,1.07,0.0,45.56
WICA,2011,11,36.42,60.45,1.59,0.23,2.87,43.21
WICA,2011,12,30.24,55.68,9.33,0.09,2.67,31.5
WICA,2012,1,31.51,63.51,2.76,0.14,1.1,43.52
WICA,2012,2,29.91,57.66,3.93,0.15,3.8,51.45
WICA,2012,3,50.6,81.33,21.84,0.04,0.08,36.97
WICA,2012,4,52.91,87.18,32.91,1.93,0.0,51.55
WICA,2012,5,58.9,93.66,36.33,2.64,0.0,46.17
WICA,2012,6,72.09,104.55,48.84,2.35,0.0,40.96
WICA,2012,7,80.73,103.56,59.46,0.78,0.0,38.6
WICA,2012,8,75.32,102.84,52.8,0.4,0.0,23.95
WICA,2012,9,67.4,97.8,45.42,0.17,0.0,32.89
WICA,2012,10,48.23,84.21,24.9,0.76,1.27,45.78
WICA,2012,11,39.56,68.82,13.29,0.19,4.13,49.93
WICA,2012,12,30.06,64.95,8.61,0.1,1.41,51.1
WICA,2013,1,27.17,52.53,-3.63,0.02,3.8,50.11
WICA,2013,2,31.49,55.14,13.47,0.04,1.96,53.08
WICA,2013,3,35.81,69.36,13.38,0.37,4.24,53.27
WICA,2013,4,35.54,75.75,-3.63,0.65,19.98,57.75
WICA,2013,5,56.87,88.26,27.96,2.6,0.06,58.29
WICA,2013,6,66.67,90.15,42.0,1.78,0.0,40.97
WICA,2013,7,73.71,96.45,52.53,1.82,0.0,34.59
WICA,2013,8,72.84,95.73,55.14,1.71,0.0,44.31
WICA,2013,9,67.15,95.1,39.12,1.56,0.0,39.98
WICA,2013,10,42.67,69.45,24.0,3.23,16.92,58.56
WICA,2013,11,34.52,58.02,13.65,0.31,3.36,39.88
WICA,2013,12,21.46,55.41,-11.55,0.05,5.07,50.07
WICA,2014,1,28.72,55.68,-5.25,0.03,0.8,45.71
WICA,2014,2,22.45,62.79,-10.47,0.02,5.46,56.18
WICA,2014,3,33.48,67.65,-16.14,0.41,6.15,63.01
WICA,2014,4,45.86,78.9,18.24,1.49,3.14,57.95
WICA,2014,5,55.1,87.54,31.2,3.84,0.77,64.94
WICA,2014,6,63.06,86.55,41.64,3.89,0.0,46.09
WICA,2014,7,72.49,99.6,47.22,0.41,0.0,34.31
WICA,2014,8,70.74,94.56,48.66,3.04,0.0,49.22
WICA,2014,9,60.52,90.24,30.75,2.82,0.44,37.16
WICA,2014,10,51.64,78.27,30.03,0.65,0.0,34.47
WICA,2014,11,30.73,65.58,-9.84,0.25,3.75,50.31
WICA,2014,12,27.64,60.63,-12.45,0.08,5.18,53.82
WICA,2015,1,27.72,67.74,-5.25,0.12,1.74,46.11
WICA,2015,2,30.2,64.86,3.21,0.1,3.31,51.69
WICA,2015,3,43.74,79.89,2.85,0.09,1.98,45.56
WICA,2015,4,47.87,77.01,23.46,3.41,0.25,53.08
WICA,2015,5,50.79,79.8,23.91,5.78,16.04,74.27
WICA,2015,6,67.29,88.62,51.27,6.32,0.0,50.04
WICA,2015,7,72.32,93.93,54.78,1.64,0.0,33.25
WICA,2015,8,71.07,95.91,41.28,1.83,0.0,35.64
WICA,2015,9,66.93,93.03,45.42,0.33,0.0,28.8
WICA,2015,10,52.76,84.21,23.46,1.07,0.0,47.72
WICA,2015,11,36.68,68.73,12.39,0.35,4.24,41.29
WICA,2015,12,25.74,62.7,0.96,0.01,7.17,49.72
WICA,2016,1,27.59,56.67,-0.03,0.05,2.4,55.24
WICA,2016,2,37.1,68.46,18.06,0.25,1.87,49.86
WICA,2016,3,42.87,73.86,20.22,1.22,3.33,54.42
WICA,2016,4,48.84,82.5,25.08,1.41,5.57,58.47
WICA,2016,5,56.63,84.03,30.03,1.62,0.0,48.62
WICA,2016,6,74.59,100.68,45.87,0.68,0.0,28.11
WICA,2016,7,75.97,101.58,56.85,1.65,0.0,29.89
WICA,2016,8,72.05,96.36,46.77,1.05,0.0,34.6
WICA,2016,9,63.21,87.27,44.07,1.07,0.0,39.12
WICA,2016,10,54.78,82.59,31.29,0.34,0.33,41.47
WICA,2016,11,44.67,72.51,21.21,0.07,1.93,42.42
WICA,2016,12,20.08,43.8,-29.73,0.19,8.87,44.15
WICA,2017,1,20.45,54.77,-15.07,0.05,4.85,52.21
WICA,2017,2,33.64,67.73,-6.07,0.05,6.31,53.77
WICA,2017,3,41.33,72.77,13.01,1.39,0.28,62.9
WICA,2017,4,47.76,76.37,28.76,2.44,7.08,60.36
WICA,2017,5,57.04,84.29,36.95,2.89,0.0,51.19
WICA,2017,6,69.86,96.8,50.09,2.23,0.0,43.35
WICA,2017,7,79.5,101.66,55.13,0.99,0.0,39.2
WICA,2017,8,70.98,90.5,54.41,1.57,0.0,36.49
WICA,2017,9,64.16,99.14,40.73,0.93,0.0,38.04
WICA,2017,10,50.05,80.15,21.38,0.88,0.03,34.39
WICA,2017,11,40.45,70.16,20.57,0.4,2.18,52.88
WICA,2017,12,27.68,61.7,-13.72,0.07,3.47,57.36
